frame_nmr,car_id,car_bbox,license_plate_bbox,license_plate_bbox_score,license_number,license_number_score
0,5.0,[1097.94921875 579.8543701171875 1393.859375 868.119873046875],[1203.9451904296875 776.0634155273438 1288.494873046875 819.2015991210938],0.5885025858879089,NW51TSU,0.05200593985901017
0,3.0,[376.1898498535156 684.8038330078125 714.9019775390625 991.1561279296875],[487.0357360839844 876.9904174804688 599.8663940429688 925.809814453125],0.5656446814537048,MA13NRU,0.5000296923312892
2,3.0,[375.1796236868911 690.0868967695883 716.1125385090081 1000.1106919059448],[482.54150390625 891.082763671875 594.5885009765625 936.5218505859375],0.5089924335479736,NA13NRU,0.6450944788744215
3,5.0,[1098.6801384694722 588.1383272777547 1394.8112741227837 879.1178038792542],[1205.3592529296875 782.6288452148438 1292.1170654296875 825.568359375],0.5034037828445435,CO51YSU,0.17777804993805438
5,5.0,[1094.6330714103551 589.5225454745937 1396.4704384362135 884.1866788371128],[1204.28173828125 791.0109252929688 1293.091796875 830.9119873046875],0.5661753416061401,MW51YSU,0.03397106696618217
5,3.0,[367.92365356141175 699.2435973025654 715.7698833129693 1016.0170264837097],[472.95098876953125 895.2945556640625 595.6072998046875 947.429443359375],0.47473451495170593,NA13HPV,0.15894764155599445
7,3.0,[362.9096371391039 704.1753560134771 713.6518827977137 1026.9792344522616],[468.53485107421875 903.0719604492188 593.0419921875 955.522705078125],0.5669044256210327,NA13MRU,0.21957921630593571
8,3.0,[359.81617671966575 707.0448061768586 713.4772703108879 1030.7057199931319],[477.4433288574219 912.73095703125 585.6956176757812 959.6868896484375],0.5477023124694824,NA13NRU,0.40171099632964913
10,5.0,[1097.3674372019857 598.3604866238791 1411.0148266217532 899.2225298164904],[1212.281982421875 800.7235107421875 1298.32763671875 847.85009765625],0.6262698769569397,MV51VSV,0.41185102708657967
12,5.0,[1096.3701953363993 602.3048438702567 1408.3024222916392 904.6812065233319],[1212.1534423828125 809.4107666015625 1298.1282958984375 850.5327758789062],0.5784075856208801,NI31WSV,0.03582654340729224
17,3.0,[338.0425017557743 735.031860851986 699.0127762407394 1063.0111115617349],[449.7756042480469 941.62060546875 581.2830200195312 996.260009765625],0.4436500668525696,NA13NRU,0.4771695504951753
18,3.0,[335.87781240379206 740.9639761570916 696.829307152264 1068.3703856721359],[451.4922180175781 950.659423828125 578.4644775390625 1003.294921875],0.569129467010498,NA13NRU,0.3093548114673477
19,5.0,[1099.8526227372627 624.843168016007 1415.8713036835434 931.4786487685051],[1216.3817138671875 829.4641723632812 1308.487060546875 873.7504272460938],0.61995530128479,ND51VSU,0.1836972763045212
20,5.0,[1101.5739902885457 625.2108855092644 1419.949659362499 933.5034178823608],[1216.9383544921875 836.1908569335938 1307.017822265625 876.6666870117188],0.6284236311912537,CO51YSU,0.23307866892027462
21,5.0,[1102.2398623871866 626.1445601998505 1422.4500325651873 936.352382599483],[1217.8531494140625 840.3006591796875 1310.2161865234375 881.47412109375],0.6464629173278809,CD51YSU,0.19448367793742263
21,3.0,[330.1495653790199 753.0716399907233 693.7956534060355 1076.6611586066197],[441.41949462890625 963.8237915039062 576.87744140625 1020.2037963867188],0.6104791760444641,NA13NRU,0.7624955192432391
22,3.0,[328.1256768888403 755.117226928139 692.4674908439288 1077.4144412238707],[437.28790283203125 962.0062866210938 568.6473999023438 1018.5664672851562],0.6404950618743896,NA13NRU,0.3778778274009135
25,3.0,[324.78929560200066 762.7925086002489 690.2824068185073 1077.8898349382841],[431.74896240234375 981.3739013671875 566.5036010742188 1037.0760498046875],0.6216627955436707,NA13NRU,0.22106339458450192
28,3.0,[320.61732999162 773.2945377239812 689.4817813937777 1078.558039568491],[436.0736389160156 991.6309204101562 559.038818359375 1045.9912109375],0.6643831729888916,MA13MRU,0.5825915593452361
29,3.0,[317.52712068984613 777.1410844362262 687.1854218660955 1078.8127283922279],[428.76470947265625 998.08154296875 560.2679443359375 1052.9102783203125],0.6515433192253113,NA13NRU,0.4835979633953132
33,3.0,[311.45752118013786 792.361970791769 682.9476649557113 1078.0826652537544],[423.8748779296875 1019.633056640625 561.260009765625 1076.28076171875],0.647788941860199,MA13NRU,0.36696805004301186
33,5.0,[1107.4760669927703 653.2346984370902 1436.495560481116 982.3252752634642],[1223.1905517578125 878.43603515625 1318.3944091796875 922.3436279296875],0.6240121722221375,MI51WSU,0.07127445747257032
34,5.0,[1107.6572916234115 655.2986374051889 1436.7071200844155 984.5496556349519],[1225.6973876953125 882.7033081054688 1318.11962890625 924.6245727539062],0.6091402173042297,MO51MSU,0.042195209732600415
43,6.0,[566.9504154269971 572.1307463176064 856.456618317173 801.0311758092131],[675.8815307617188 710.723876953125 757.5524291992188 753.42041015625],0.27649644017219543,CX15OGJ,0.22597324683051923
48,5.0,[1113.5344307006724 695.8841070039228 1461.5053728963278 1041.7988429512914],[1238.113525390625 937.311767578125 1336.3778076171875 981.9664306640625],0.7124320864677429,XI51YSU,0.030882522226501785
54,6.0,[552.3089372881432 592.3764031207254 853.5891952015857 833.9086371175961],[652.9647827148438 738.1177368164062 745.4595947265625 782.7075805664062],0.2877705693244934,GI15OCJ,0.41244956788339626
57,6.0,[544.9290433157693 597.7888936962775 852.3025662440524 840.7524816497753],[650.50537109375 747.2044067382812 738.9729614257812 785.91162109375],0.3827243745326996,GI15OCJ,0.3000695774436968
58,5.0,[1118.8934567828996 726.4278631915311 1477.6220818031147 1074.414532675434],[1246.614990234375 974.8500366210938 1349.2672119140625 1020.0708618164062],0.6593912243843079,IV51VSU,0.17032948574046877
61,5.0,[1123.4890493326138 734.1768589268862 1479.2584905885242 1075.2076055350446],[1250.8294677734375 985.4800415039062 1355.8272705078125 1032.6170654296875],0.720534086227417,MV51VSU,0.3772720257936734
62,6.0,[538.2723221028666 609.2298561321863 849.1557661613829 853.2218500278855],[654.4585571289062 755.6818237304688 740.9736938476562 799.5379638671875],0.34325364232063293,GX15OGJ,0.3350938576706696
65,5.0,[1126.5839495069222 747.8292275812228 1482.1448530918078 1076.7760938489175],[1255.6414794921875 1003.2911376953125 1362.361572265625 1052.1793212890625],0.7207894325256348,MI31WSV,0.00990554031206003
67,5.0,[1130.1186748285472 751.5490631551263 1485.710631824093 1076.125224724011],[1257.65966796875 1013.4205322265625 1362.9306640625 1061.8275146484375],0.7055404186248779,MV51VSU,0.24062414108503524
72,6.0,[527.4655612075358 631.5328938560838 844.3560473490859 881.5244730855779],[640.9776000976562 787.8240966796875 735.3726806640625 828.330322265625],0.3970429599285126,GX15OGJ,0.10787145717518581
73,6.0,[525.2821237046342 633.0182918993233 842.4734581352827 883.3613704240269],[641.6180419921875 786.90625 732.5454711914062 828.633056640625],0.48024794459342957,GX15OGJ,0.31532421092666085
77,6.0,[521.113822696776 641.3493096142424 843.5298874496625 895.0781977284721],[636.1127319335938 797.4448852539062 725.3587036132812 841.7606201171875],0.5980390906333923,GX15OGJ,0.34631630590435863
93,6.0,[489.4315373193472 682.9677877089755 841.7728108039266 952.7558444274459],[613.14208984375 851.3816528320312 718.998291015625 897.2129516601562],0.5093696117401123,CX15OCJ,0.5677561772881432
94,6.0,[488.2649726260358 683.8453370772382 842.9155018231893 954.7046170002078],[612.972900390625 855.2169799804688 708.2623901367188 896.7778930664062],0.436113566160202,GX15OCJ,0.3987154396579398
97,6.0,[482.25268313515693 691.8073453884515 840.4849892304919 968.4830128335884],[607.5086059570312 866.2371826171875 713.1632080078125 906.9283447265625],0.5889932513237,GX15OGJ,0.4674540025183034
98,6.0,[480.6618806113083 695.7609707541632 840.1146759518936 973.2762944235272],[609.7864379882812 870.8690185546875 710.484375 913.6505126953125],0.6410908102989197,CX15OGJ,0.34565643915253835
99,6.0,[479.3085980860243 699.6425070755627 839.8781717878718 978.0094538723176],[602.6068725585938 875.6918334960938 713.0291748046875 918.9043579101562],0.43324530124664307,GX15OGJ,0.47205906177986606
100,6.0,[477.98031071924163 703.1535094353032 838.20509448412 981.1237320596485],[599.6072387695312 873.2018432617188 711.0928344726562 918.4061889648438],0.577830970287323,GX15OGJ,0.2681067490456124
101,6.0,[475.937106638834 705.575276283563 838.0857433602691 985.2441729800914],[600.4413452148438 882.86572265625 707.5048828125 924.3132934570312],0.5624121427536011,GX15QCJ,0.38367288719566495
102,6.0,[473.33008964696825 709.4004797536764 837.0166185364023 990.0484017146047],[604.5806274414062 886.4730834960938 704.2592163085938 928.1834106445312],0.6059774160385132,GX15OGJ,0.14248872891225997
103,6.0,[473.1069213327616 712.3348886768466 836.3506129974305 993.9023610792782],[605.7457275390625 892.7831420898438 704.2952880859375 928.66650390625],0.42660921812057495,GX15OCJ,0.2875109333208799
104,1.0,[1027.6614536316179 553.6759645211101 1279.9242962377643 774.7635397229855],[1113.9217529296875 687.205810546875 1213.2220458984375 731.7306518554688],0.4082038104534149,AP05JEO,0.2813043772714223
106,6.0,[472.37232707060514 721.5198628726052 836.2083056609794 1004.7450746544143],[591.8001708984375 895.9520874023438 692.2066040039062 942.4586791992188],0.5851067900657654,GX15OGJ,0.19364303101160477
107,6.0,[469.9055553760977 725.1485231253914 835.1047083713702 1009.0216907871029],[596.176025390625 904.3184204101562 695.118896484375 946.9552612304688],0.5523599982261658,GX15OCJ,0.2695953063484151
108,6.0,[467.40829821032264 729.8116548954906 833.9892255488138 1015.2905566750985],[597.0070190429688 908.96484375 696.9307861328125 951.3599853515625],0.5715833902359009,GY15OCJ,0.2947299447584152
109,6.0,[465.45628328197154 731.7317495579703 832.9619583170859 1019.1476217063671],[584.9232177734375 910.7120361328125 697.4331665039062 956.02734375],0.599528431892395,GX15OCJ,0.4025340571220555
110,1.0,[1027.9478974608796 563.5536510455431 1282.3508043226157 786.9602877149177],[1110.304443359375 700.0448608398438 1212.3106689453125 742.9078369140625],0.4284195005893707,AP05JED,0.1985009018750721
115,6.0,[451.9689213150163 752.0689061405044 827.7461623270615 1047.7094893302958],[579.0148315429688 936.1146240234375 690.2135009765625 981.2838134765625],0.5528172850608826,GX15OGJ,0.3298680680471429
115,1.0,[1027.1352073300413 570.0803699059287 1288.4393033502802 796.2336741866576],[1112.15625 712.4916381835938 1213.728515625 756.2267456054688],0.39615127444267273,AF05JEQ,0.1561832102393761
116,6.0,[450.05855424090646 755.9632446003845 827.9139999201591 1051.5732604266784],[578.9990844726562 941.9968872070312 690.3872680664062 987.38232421875],0.6334720849990845,GX15OGJ,0.5471651446853865
117,6.0,[447.94513683076326 759.3081668024099 826.5603750063945 1054.737073700961],[574.6329345703125 943.6636962890625 691.6173706054688 992.50927734375],0.581702470779419,GX15OCJ,0.24284098990269867
120,6.0,[441.1022528848818 768.1034485440596 825.0638893442924 1061.1345692474054],[571.905029296875 958.262939453125 686.067626953125 1005.1685180664062],0.6313928961753845,GY15OCJ,0.24159674026513495
121,6.0,[437.29568285578557 771.6751245306559 823.9874316524811 1065.8727035590252],[572.5320434570312 960.5654296875 687.3629150390625 1006.8109130859375],0.6105519533157349,GY15OCJ,0.3156378635557835
121,1.0,[1025.4297275012752 581.4088048240599 1293.4211488542217 812.6837501484606],[1112.2796630859375 721.1101684570312 1208.665283203125 767.3073120117188],0.39253339171409607,AF05JEQ,0.09091883772460271
122,6.0,[435.207896571847 775.2211930801556 823.4769097328285 1070.1285427177977],[569.7119750976562 965.8053588867188 683.4058227539062 1010.8244018554688],0.5919443368911743,GY15OCJ,0.18022934996292078
122,1.0,[1025.228695258962 583.4989625071802 1294.715701114957 815.9025690683128],[1106.619873046875 724.3281860351562 1215.2581787109375 768.3072509765625],0.43960335850715637,AP05JEO,0.20241932413968874
123,1.0,[1022.4979445767253 586.1790887461677 1294.5112865294032 818.5770498924494],[1119.3270263671875 733.0487060546875 1218.69140625 778.0737915039062],0.36829081177711487,AF05JEQ,0.23696777154472656
124,6.0,[432.0874355939761 781.5845133650347 822.6036843572822 1075.5873545511588],[568.2030029296875 973.1782836914062 670.4017944335938 1020.1543579101562],0.5172569155693054,GY15OGJ,0.25590474681884096
124,1.0,[1020.566804851766 587.6816056832448 1294.772399838962 820.5474913835989],[1114.3529052734375 731.8023071289062 1215.7666015625 775.1525268554688],0.3472251296043396,AF05JEQ,0.21193670438201542
125,6.0,[431.18449939968053 785.137436013468 822.9421543846468 1077.188919388199],[569.1170654296875 980.0512084960938 674.6151123046875 1026.5123291015625],0.62872314453125,GY15OGJ,0.2951854742470044
126,6.0,[428.4747242181753 790.5014660437033 822.3912065440785 1078.7123507791673],[563.3853149414062 986.1954345703125 669.9607543945312 1034.7110595703125],0.6560161709785461,GY15OGJ,0.24471846694388039
127,6.0,[426.17494161777074 793.8836115215623 821.6532241967983 1078.6196603164099],[561.544921875 990.110595703125 670.4744873046875 1036.1412353515625],0.617752730846405,GY15OGJ,0.4491448903446115
127,1.0,[1024.0124261799642 594.3999342984908 1298.6191648646527 827.9596821449471],[1111.7801513671875 735.5537109375 1222.87353515625 778.8966064453125],0.4916526973247528,AP05JEO,0.6285652606603059
128,6.0,[423.50854157314717 797.8336578993551 820.5990999162398 1078.6216635126436],[554.012939453125 991.201171875 666.5667724609375 1039.742431640625],0.6121646165847778,GX15OGJ,0.522674576789145
129,6.0,[420.275435324371 800.5701220988681 819.3361820132216 1077.6378294975514],[557.138671875 998.3886108398438 670.144287109375 1044.5391845703125],0.6080707907676697,GX15OGJ,0.4226966758645807
130,6.0,[418.0195190380561 803.1528217625618 819.4418359034373 1076.9066022649408],[559.2195434570312 1006.0506591796875 660.413330078125 1049.421142578125],0.6574865579605103,GY15OGJ,0.603543649943684
130,31.0,[1121.658600613036 811.5830646916045 1489.3513592372133 1076.4576161366383],[1256.2650146484375 992.5156860351562 1364.304931640625 1042.9520263671875],0.5038231015205383,LM14VCV,0.2835758117749165
131,6.0,[415.28925427408893 806.5551726763691 818.2471707519319 1077.1840550407392],[551.9373779296875 1010.2401123046875 665.250732421875 1057.2239990234375],0.6698989272117615,GX15OCJ,0.4505992416966239
132,31.0,[1121.816273732012 818.6869864810866 1491.788879867395 1076.078637592695],[1254.56298828125 1006.2841186523438 1367.8203125 1054.452880859375],0.6810299158096313,LH13VCY,0.18877423554859452
132,6.0,[416.31094932266353 811.7114855991141 818.4002413530585 1078.4796444312915],[547.3809814453125 1013.241943359375 667.4243774414062 1062.9320068359375],0.6760785579681396,GX15GGJ,0.4292826998689345
132,1.0,[1023.5793957804274 603.0852699559449 1301.052195872958 840.586684169799],[1113.71044921875 745.8378295898438 1224.318603515625 790.8641967773438],0.4419521987438202,AP05JED,0.24629674338317314
133,6.0,[414.894994908734 814.7246892823798 815.4440686045458 1079.3415077761745],[543.4563598632812 1014.79931640625 662.1867065429688 1061.0374755859375],0.6572240591049194,GX15OGJ,0.47879572284135824
133,31.0,[1121.7544929668195 821.8169970853509 1492.3256489072357 1076.5468868916519],[1257.503173828125 1004.6771850585938 1371.2977294921875 1057.317626953125],0.6533361673355103,LM13VCY,0.19079394391504445
133,1.0,[1023.6157205786495 604.7920019353058 1302.5762505632974 842.2614993825151],[1138.8111572265625 749.70068359375 1231.4962158203125 791.6419067382812],0.3593585789203644,AP05JED,0.725804905758681
134,6.0,[411.7239690591189 818.3907078856562 812.3798014962665 1079.8582132238282],[547.0513916015625 1024.9278564453125 662.0868530273438 1074.48095703125],0.6573585867881775,GX15OGJ,0.7057304720075483
134,31.0,[1121.6022899446377 825.814320820394 1492.8860084172331 1078.2732147649995],[1255.585205078125 1008.4667358398438 1368.842529296875 1062.462646484375],0.6212719678878784,LN13VCV,0.7097682113135197
135,31.0,[1122.5804886869769 830.2888164723797 1494.8362619909522 1079.993092344336],[1257.64306640625 1016.8335571289062 1372.401123046875 1068.0389404296875],0.6490700244903564,LM13VCV,0.5993730286902287
135,1.0,[1021.7398794697474 607.7056405322004 1303.4546987762992 845.9795014779996],[1130.820556640625 755.2359008789062 1232.581787109375 799.1921997070312],0.4376119375228882,AP05JEO,0.04218442146760364
136,31.0,[1123.4807365200154 834.0530267401848 1495.3024664777317 1081.299202123234],[1254.9814453125 1016.3800048828125 1377.069580078125 1072.4476318359375],0.6851673722267151,LM13VCV,0.4452410233997436
136,6.0,[406.0584858462771 826.4201332681948 808.889070945213 1081.6756079582087],[543.3206787109375 1034.699462890625 659.9520874023438 1079.9945068359375],0.6591206789016724,GX15OGJ,0.4081520654849576
136,8.0,[551.0478048754806 562.1912131846694 805.0308982233007 779.3156240487223],[636.009033203125 685.0285034179688 713.4807739257812 728.9088134765625],0.2768990099430084,XH05ZIK,0.14575615767513236
137,1.0,[1022.5181991964416 611.2619796724382 1307.3783514668364 850.4729226382028],[1125.1964111328125 758.609130859375 1233.6917724609375 807.785400390625],0.6337999105453491,AP05JEO,0.5514487001554247
137,31.0,[1125.4701852105325 837.4025257999111 1497.7487696087853 1080.81417418869],[1260.9298095703125 1026.28076171875 1375.93212890625 1077.62060546875],0.5969314575195312,LR13VCV,0.19257042752915554
137,8.0,[549.8008106140697 562.7276991624501 804.460725921388 780.7401800407888],[626.5135498046875 687.5694580078125 714.9020385742188 730.5234375],0.306552529335022,KH05ZZK,0.1133015786472578
138,31.0,[1125.8135357729254 841.6056778589557 1497.3866949932547 1081.6522604671634],[1261.39892578125 1029.1748046875 1377.0238037109375 1080.0],0.6546571850776672,IN13VCV,0.12515782721675303
138,1.0,[1023.4860710291771 614.1445549418398 1308.753041807999 853.5760951926167],[1118.65185546875 763.9154663085938 1232.1256103515625 803.6145629882812],0.555791974067688,AP05JED,0.7722312906399068
139,31.0,[1126.7464657949486 845.0047728526098 1497.711779155301 1082.153018812635],[1257.068603515625 1032.800537109375 1375.666015625 1080.0],0.5295839905738831,LK13VCV,0.14685438056354194
140,1.0,[1024.558232431386 616.5918149042334 1311.759295468536 858.3484528022502],[1135.6953125 768.5969848632812 1232.009521484375 805.0234375],0.35483330488204956,AP05JEQ,0.5598883490719421
140,8.0,[544.9216002428177 564.351752536701 801.1956027900449 785.9648706782034],[627.0255126953125 695.1046142578125 710.2982177734375 734.9947509765625],0.30069732666015625,KH05ZIK,0.17461884437772804
141,8.0,[541.7955101205987 566.9900127118477 798.0589534411033 788.8366144216517],[629.18359375 698.1090087890625 707.7889404296875 737.3307495117188],0.30369195342063904,KH05ZZK,0.5288961152472361
141,1.0,[1024.4351208874948 618.8361587993146 1312.689430562163 862.2241211503348],[1127.2625732421875 767.6495361328125 1230.0118408203125 810.6529541015625],0.296540766954422,AP05JEQ,0.28711193187477185
142,8.0,[540.2157496958351 568.6548277517054 796.5508453540095 790.514188684007],[622.7235107421875 698.3292846679688 707.8372192382812 740.6936645507812],0.4449801743030548,KH05ZZK,0.06170035732882665
142,1.0,[1024.3974275546534 619.8389563660902 1313.9364904246922 864.7987503343412],[1131.27880859375 771.391845703125 1232.9664306640625 812.555419921875],0.30038759112358093,AP05JEO,0.2501633496511259
143,1.0,[1022.7917055697461 621.154588081492 1314.5661194946188 867.9611626136675],[1118.56982421875 768.5240478515625 1227.974609375 812.2166748046875],0.5474013090133667,AP05JEO,0.6860559075771219
144,1.0,[1023.1112558576023 623.9077419479045 1316.6051255461098 872.4631246113108],[1124.7659912109375 774.9750366210938 1221.2398681640625 817.2247924804688],0.4738554358482361,AP05JEO,0.4870357851796991
144,8.0,[537.3860090141288 573.256670608699 794.5949967766301 795.0418263170778],[622.2092895507812 703.5628662109375 702.7002563476562 743.9953002929688],0.460828959941864,KH05ZTK,0.44790869190922794
145,1.0,[1023.5238328518132 626.0432730144702 1318.128598939416 875.2407729199109],[1134.479248046875 778.1905517578125 1235.2738037109375 822.3226318359375],0.40284258127212524,AP05JEO,0.7296628930155518
146,8.0,[536.0471445037924 576.785875259494 793.1479880862528 799.9822952359945],[617.4363403320312 707.39208984375 700.0833740234375 753.5626831054688],0.5498493313789368,KH05ZZK,0.09971809568147041
146,1.0,[1023.2715574222246 629.1398655438674 1319.0568852601764 878.9489103200323],[1120.7744140625 780.48779296875 1213.2811279296875 821.9776611328125],0.33654800057411194,KP05JEO,0.20501541860023972
147,8.0,[534.0877374311542 578.6067713373418 792.0762561117051 803.1982769628578],[616.25927734375 707.8191528320312 701.3212890625 756.0059204101562],0.5429167151451111,ER05ZZK,0.16275161638301858
147,1.0,[1024.196008840322 630.8661259492224 1320.5586707671669 882.4068746241235],[1127.30078125 784.3553466796875 1239.1514892578125 830.2994384765625],0.5102598667144775,AP05JEO,0.1282601754882362
148,1.0,[1023.3867811177317 632.4675583781194 1320.9030288853307 885.1036375318812],[1123.413330078125 787.3540649414062 1228.9017333984375 826.4071655273438],0.48832347989082336,AP05JEO,0.3774481122673181
149,1.0,[1024.0484317808794 634.3371263149577 1323.4929314318103 888.4776028849035],[1130.703125 792.2779541015625 1218.06494140625 831.509033203125],0.41495370864868164,AP05JEO,0.5802526746881183
150,8.0,[530.306367157137 583.53718877525 791.3646832710945 810.2818852234453],[613.0353393554688 712.8858642578125 695.5699462890625 756.2304077148438],0.4574699401855469,KK05ZZK,0.21603955003424236
150,1.0,[1025.8605115879511 636.5691690646657 1327.4681659615205 892.2594832726771],[1133.11962890625 792.7174072265625 1225.4278564453125 829.9053955078125],0.38340696692466736,AP05JEO,0.169971414222309
151,1.0,[1026.997608510939 637.8357269085536 1330.360706946875 894.7350689727507],[1126.3114013671875 791.67041015625 1235.2869873046875 832.7107543945312],0.3724517822265625,AP05JEO,0.7468260373454098
152,1.0,[1023.5406536668094 640.176959753353 1328.6062881473922 897.1163873926257],[1126.286376953125 794.6581420898438 1231.2237548828125 836.0960083007812],0.46811991930007935,AP05JEO,0.6311478500387735
152,8.0,[526.8337413301333 587.047862460851 790.6628643222464 813.6622229793096],[618.6194458007812 717.85302734375 694.8013916015625 759.6824340820312],0.3580329120159149,KK05ZIK,0.2547782161852173
153,1.0,[1024.06068068469 642.3622773220885 1329.2475834515508 900.3807633264436],[1129.734130859375 795.5494995117188 1238.3878173828125 844.7239379882812],0.3904047906398773,AP05JEO,0.15195827977247386
154,1.0,[1022.3924453867842 643.1309178271575 1330.8788690478248 902.0406013147],[1132.97607421875 800.2487182617188 1246.3450927734375 849.9574584960938],0.40402159094810486,AP05JEO,0.8953025993406527
155,1.0,[1024.8157604509358 645.3947214368992 1335.5988904223407 904.8722595375101],[1132.09130859375 803.772216796875 1239.728515625 847.994384765625],0.42398107051849365,AP05JEO,0.6825581510729647
156,1.0,[1026.8394928036485 650.5162509027365 1336.4599893835732 910.2533054042902],[1139.3885498046875 807.3462524414062 1247.9437255859375 850.8609008789062],0.4267960488796234,AP05JED,0.5242576657410916
157,1.0,[1025.4660325109141 651.8294796189638 1334.6988202005903 912.3772028308061],[1133.4764404296875 809.423095703125 1247.50244140625 850.0195922851562],0.5003362894058228,AP05JEO,0.34683024947843044
157,8.0,[520.8328877859685 592.1380002747193 786.3742009512316 824.3348160477193],[610.25048828125 731.2601318359375 694.4322509765625 775.6820678710938],0.36960917711257935,MH05ZZV,0.03590244866428045
159,1.0,[1023.2604413586621 655.3763000548787 1334.8385778801778 916.8335020948374],[1140.937744140625 819.104736328125 1239.3651123046875 855.3607177734375],0.3738241195678711,AP05JEO,0.20273571785510885
160,8.0,[517.0826152712259 596.6463972946686 784.7510437349542 832.0954991362715],[603.1605224609375 736.2564697265625 692.2265014648438 779.931884765625],0.4591544270515442,KH05ZTK,0.3569326986131152
160,1.0,[1027.6797138724648 657.3839354855271 1336.5815225437857 919.1607464657521],[1138.22998046875 816.4793701171875 1244.1546630859375 857.600830078125],0.3722800612449646,XP05JEO,0.40020983470803156
161,8.0,[515.9843883009901 599.934343545646 784.2709529895674 835.1547582972453],[603.586181640625 739.1876220703125 690.8075561523438 781.86181640625],0.4556651711463928,KR05ZTK,0.40867355434354524
162,1.0,[1025.5973752356576 662.3951809527173 1336.8290989810098 926.4371005460625],[1142.858154296875 827.4959106445312 1256.972412109375 871.3851928710938],0.2753726840019226,JP05JEO,0.297148996990762
163,1.0,[1027.1907332466087 664.5863860575585 1339.0375636551478 929.4521519127543],[1136.2186279296875 826.717529296875 1248.812744140625 871.3064575195312],0.4025450050830841,AP05JED,0.6565488738437227
164,8.0,[512.560049799642 605.7211789034559 783.9727841594081 840.7967135869737],[602.5038452148438 746.8865356445312 690.4248657226562 789.0068359375],0.5380251407623291,KH05ZIR,0.14471835010217704
164,1.0,[1028.931288363563 666.5734360637576 1341.0496683748156 933.0935843214694],[1138.2998046875 829.9658203125 1247.593994140625 875.9732666015625],0.5253773927688599,AP05JEO,0.8139923822086551
165,1.0,[1033.2665464864933 669.1491994639875 1343.3032558809607 937.7211688199493],[1138.5792236328125 833.9031372070312 1258.732177734375 875.7509765625],0.5318142771720886,AP05JEO,0.24282160547891496
165,8.0,[510.4891416970297 609.595457296463 783.42980307321 845.2948264288597],[603.223876953125 749.9765625 689.1704711914062 790.4498291015625],0.4959929585456848,KK15ZZK,0.19757388360169853
166,8.0,[510.71815182413434 609.9088174412569 784.0857681399941 845.5842057089034],[600.0504150390625 751.3862915039062 688.087890625 796.1663818359375],0.5621377825737,KR05ZZK,0.45382688606732785
166,1.0,[1031.8384293231538 671.4539219662774 1342.1911323329714 941.0212847804896],[1140.7293701171875 838.925537109375 1236.2420654296875 876.4698486328125],0.3242804706096649,AP05JED,0.3879844786518082
167,1.0,[1030.8004050815932 674.3746120609349 1342.5695619481219 944.718649163713],[1151.3968505859375 839.1881103515625 1260.236083984375 880.5238037109375],0.33432507514953613,AP05JEO,0.30508295673368685
170,1.0,[1039.9904166679642 679.9937910311412 1349.3853493278064 950.5535295107154],[1142.9119873046875 849.7992553710938 1251.157470703125 893.1318969726562],0.5187605619430542,AP05JEO,0.2593780114273585
171,1.0,[1040.9633713625497 683.8835317374613 1349.8694813142858 954.5469214673577],[1145.52294921875 853.423828125 1255.021484375 896.083740234375],0.4108929932117462,AP15JEO,0.12745902111821966
172,1.0,[1038.5569055848705 686.8796178969195 1350.984857200564 958.3937303628032],[1145.8648681640625 852.5180053710938 1265.4620361328125 899.4050903320312],0.5615931749343872,AP05JEO,0.18851521319912254
173,8.0,[502.55719511295666 628.6522482297195 781.3399643927833 865.0314774479046],[594.2108764648438 766.031982421875 683.71142578125 811.144775390625],0.5539757609367371,KR05ZTK,0.14204254603123678
173,1.0,[1040.5510351578084 689.5510216633377 1353.0020502461855 961.9217128280161],[1150.108642578125 859.375732421875 1264.25537109375 904.15966796875],0.4969424903392792,AP05JEO,0.8987235779402549
174,8.0,[501.14269073501123 631.3407069958482 780.5915005527361 867.7131006345933],[592.8287353515625 770.5724487304688 684.8223876953125 816.3685913085938],0.5753583312034607,WH05ZZX,0.06352200183171208
175,1.0,[1042.0785776293174 696.494166472922 1354.668129703059 969.3266184913284],[1144.1629638671875 866.7188110351562 1237.5303955078125 905.8548583984375],0.3839492201805115,AF05JEC,0.5544861942663277
177,8.0,[498.92002877911136 638.4626677119593 778.9066460503436 874.8346166484964],[590.4571533203125 779.4570922851562 680.95458984375 824.8304443359375],0.541084349155426,KH05ZZH,0.07091512281691092
177,1.0,[1042.352523050382 703.2247576505137 1357.413595865653 977.0323023724885],[1146.188720703125 870.7022705078125 1257.9984130859375 919.0686645507812],0.5141175389289856,AP05JEO,0.5844010298788258
178,8.0,[498.84548177908135 639.5124581385007 778.6203085499185 876.6888573515114],[589.3755493164062 779.5242919921875 682.0510864257812 825.5745849609375],0.5798620581626892,KH05ZIK,0.46725401001421063
179,1.0,[1043.3831825925918 708.0743553856805 1363.1109279831194 984.031910466887],[1147.82080078125 879.105712890625 1273.69921875 923.2786254882812],0.4034896194934845,AP05JEQ,0.09960651275852628
180,1.0,[1045.0551615194497 710.7260214172909 1365.3606685837597 988.1823389485141],[1150.5272216796875 882.3822021484375 1249.495361328125 925.3847045898438],0.522635817527771,AP05JEO,0.4827639126745627
180,8.0,[493.868564740851 642.211535825001 773.8094275481651 882.9203166930422],[587.4110107421875 785.1121826171875 675.9225463867188 829.2647705078125],0.48612263798713684,MH05ZZK,0.05475736193396769
181,1.0,[1046.7159790792327 713.2651055429301 1367.3450275695575 992.2417263563236],[1155.9053955078125 887.6102294921875 1270.3580322265625 930.2692260742188],0.5331425666809082,AP05JEO,0.2208322508064055
182,8.0,[492.2792421700277 648.0878635983621 773.03389446057 891.3668196745235],[583.0556640625 791.7392578125 675.4120483398438 837.1124267578125],0.6198021173477173,KH05ZZV,0.2078251002528293
182,1.0,[1046.2060925844603 714.3813082230066 1369.769809016043 994.7988776715475],[1151.737548828125 890.0502319335938 1265.419189453125 930.3836059570312],0.5479547381401062,AP05JED,0.7555623433781673
183,1.0,[1044.4309636912108 716.7801995533321 1373.8179427163518 997.969560432552],[1149.5303955078125 891.7879028320312 1258.12646484375 934.0299682617188],0.5017110109329224,AP05JEO,0.31472876838837915
184,8.0,[488.4249509261224 652.8908910785681 768.9973576162356 897.7202364368393],[586.6156005859375 797.3607788085938 676.0223388671875 842.7141723632812],0.617065966129303,RH05ZZK,0.5050358257333502
184,1.0,[1044.8998379170089 719.4896218077336 1377.388385331542 1000.7328012826765],[1153.3546142578125 889.3196411132812 1270.808349609375 938.2666625976562],0.6081894636154175,AP05JEO,0.29023708099334
185,1.0,[1045.422439768638 722.9655413178879 1379.0547374639 1005.1223548879713],[1160.681396484375 899.4292602539062 1275.1190185546875 946.3460083007812],0.6073397994041443,AP05JEO,0.48639379891832984
186,8.0,[486.30942184691867 656.1165761304378 767.6863268545328 903.6568082513454],[578.0458374023438 802.4738159179688 671.3007202148438 850.6766967773438],0.6296376585960388,KH05ZZK,0.1297835454582289
186,1.0,[1045.9340775051114 727.211596799765 1382.440346470969 1010.3744061293705],[1155.19091796875 902.004638671875 1280.0567626953125 948.1466674804688],0.56886887550354,AP05JEO,0.6409900679741259
187,8.0,[484.1795665120717 658.0294082476147 766.4929206401946 907.0473831063263],[578.3442993164062 806.0366821289062 670.5699462890625 851.95458984375],0.5818583965301514,KH05ZZK,0.2524223648605239
188,8.0,[481.9490425101708 660.2422294187429 765.778752683882 910.6602302247595],[576.251953125 808.2833862304688 671.3753662109375 852.829833984375],0.5904640555381775,RH05ZZK,0.4299440249612677
189,8.0,[478.55082701957747 664.1278659920935 765.8992063714469 914.9591729796026],[576.4645385742188 815.3753051757812 670.0609130859375 858.5506591796875],0.6046763062477112,KH05ZZK,0.24477441503559738
189,1.0,[1045.505153292194 737.3175652000932 1385.5513673809103 1022.6370941497678],[1161.565185546875 914.968505859375 1270.05810546875 956.4927978515625],0.5781478881835938,AP05JEO,0.8722885017225075
191,1.0,[1043.3402618442205 743.6623372897568 1385.5840731939743 1030.673512422181],[1160.8072509765625 917.8699951171875 1277.2843017578125 966.963134765625],0.6045984029769897,AP05JEO,0.3791175934105987
192,8.0,[472.0442892830327 672.5116114266483 764.5853691886086 925.3532492780029],[574.299560546875 823.4439697265625 664.0609741210938 867.1614990234375],0.6199424862861633,KH05ZZR,0.14876115002932597
192,1.0,[1043.5847056230673 747.955457908524 1387.5169477503064 1035.440741477781],[1161.8572998046875 930.6758422851562 1280.80859375 971.2320556640625],0.5215522050857544,AP05JEO,0.37906044465102473
193,1.0,[1045.1662347831045 750.8479226661804 1388.2282898236328 1038.9107674312934],[1164.4586181640625 929.1533813476562 1279.9241943359375 971.0709838867188],0.47552579641342163,AP05JEO,0.36979745285613763
194,8.0,[469.14516082164835 676.4700386074821 763.95756332602 930.3694770171244],[567.6198120117188 826.8431396484375 664.71435546875 874.02392578125],0.5941077470779419,RH05ZZK,0.29587926178834467
194,1.0,[1045.1328468360566 753.1693292407439 1390.5706534975952 1042.2438044159112],[1169.520263671875 935.6592407226562 1288.974609375 978.8710327148438],0.5822737216949463,AP05JEO,0.1324754901780895
195,1.0,[1046.5790120564184 756.1549562929417 1392.7859383202044 1045.9497963861752],[1171.38037109375 937.9293823242188 1289.518798828125 979.8400268554688],0.6438050866127014,AP05JEO,0.8671445443988596
196,1.0,[1046.9205989698946 758.5526023340574 1392.7526916381205 1048.6792262185666],[1167.1878662109375 937.8735961914062 1289.3712158203125 984.7474975585938],0.6517218351364136,AP05JED,0.7613029734469563
197,1.0,[1047.4259485960586 761.3716311075923 1395.6087127489247 1052.8073591679806],[1170.584228515625 946.0188598632812 1295.68798828125 993.3887939453125],0.48888880014419556,AP05JEQ,0.40182148843514653
198,8.0,[466.2374061362946 687.7588764370951 763.2331604514031 945.4136417959737],[560.4843139648438 841.1865234375 658.384033203125 886.6322021484375],0.6321299076080322,KH05ZZK,0.8830439658822317
198,1.0,[1048.3779202546752 765.0046756272945 1401.5111404161958 1057.9191632906886],[1176.7587890625 953.8934326171875 1306.22216796875 993.973388671875],0.4524121582508087,AP05JEO,0.4294037449307507
199,8.0,[464.9878144385177 688.9487948436632 762.9737706018468 948.069111282694],[560.278564453125 845.6593017578125 655.2451171875 888.5155029296875],0.6152001023292542,RH05ZZK,0.9292226660314133
199,1.0,[1049.8380548664575 767.6956284624396 1405.9381617732363 1061.3516771488187],[1165.38134765625 955.0541381835938 1298.170166015625 997.0175170898438],0.5489781498908997,AP05JEO,0.3574504180770444
200,8.0,[463.1383529995229 691.9305203565133 761.9325039450431 951.8634898776962],[560.0374755859375 847.9384155273438 653.153564453125 892.3284912109375],0.6254151463508606,KR05ZZK,0.7086794925272873
200,1.0,[1048.2742781416562 770.3824565748545 1406.888369883787 1064.7341195576341],[1170.2337646484375 955.2041015625 1300.24853515625 999.2660522460938],0.559702455997467,AP05JEO,0.22740539070848378
201,1.0,[1050.1254011403287 773.8401002607744 1410.1804826474247 1068.7072587278135],[1171.98681640625 961.9852294921875 1285.9124755859375 1002.450439453125],0.5750061869621277,AP05JEO,0.7788729292879221
202,8.0,[458.84262104046604 698.7337533427068 760.0114396006585 959.7678885104737],[553.1400146484375 852.06005859375 650.8779907226562 899.88427734375],0.6505622267723083,KR05ZZK,0.733649085184986
202,1.0,[1051.470302605322 776.1962135766696 1412.5222826894897 1071.0525534006497],[1192.60009765625 966.7930297851562 1311.8065185546875 1009.2039184570312],0.26036524772644043,AP05JEO,0.128662228292702
203,8.0,[457.2107328187341 701.5901973709115 759.4183614927402 962.956264377056],[555.9498291015625 857.7335815429688 648.6204223632812 900.7739868164062],0.6031058430671692,KR05ZZK,0.71084130448632
203,1.0,[1051.5894147880936 779.8458740764411 1415.2242870412579 1073.6843372936323],[1180.1126708984375 966.8572998046875 1303.3880615234375 1016.6151123046875],0.579102098941803,AP05JED,0.43544398736181505
205,8.0,[451.4173766325976 707.0762213220873 758.7768382743841 969.8230233493277],[548.7828369140625 864.72314453125 646.7640380859375 908.0588989257812],0.6434217095375061,KH05ZZK,0.22940279485356913
205,1.0,[1053.3560036480483 785.3624759032109 1419.998969453786 1076.930167161686],[1176.2041015625 979.5098876953125 1303.448486328125 1021.8250122070312],0.5335102677345276,AP05JEO,0.3684786109666573
206,8.0,[446.73021879492705 709.2168070838909 757.4508756710494 972.3910456175106],[549.0889282226562 865.8704223632812 645.5406494140625 910.8834228515625],0.636372447013855,KH05ZZK,0.6874067553417079
206,1.0,[1052.3610385104762 789.2029196909214 1421.240803772217 1078.3001650220974],[1185.095703125 984.6970825195312 1312.9520263671875 1029.562255859375],0.6032693982124329,AP05JEO,0.2312682883921163
207,1.0,[1052.2810471607006 792.5451861845542 1424.4929243999638 1078.7427387561224],[1187.6500244140625 986.9415893554688 1294.4619140625 1029.122314453125],0.614230215549469,AP05JEO,0.28058135752848584
208,8.0,[438.4020928172009 712.8789507274136 754.4052406711984 978.6015931928865],[542.1260986328125 873.1994018554688 641.3998413085938 920.3909912109375],0.6568140387535095,KH05ZZK,0.5633613680531485
208,1.0,[1050.9187575158132 795.4480961919561 1426.2647009768873 1078.6166426045374],[1194.660400390625 992.5155029296875 1318.076416015625 1037.6982421875],0.3158635199069977,AP05JEO,0.31087028271771766
209,1.0,[1054.4632300132314 797.7529326937811 1429.4122630870204 1077.6929594423666],[1182.8724365234375 993.7344360351562 1321.2825927734375 1045.5052490234375],0.532455563545227,AP05JEO,0.47852481386389994
210,1.0,[1054.209653918275 800.6296460531983 1430.6226315772003 1076.979340879785],[1185.455322265625 1003.8374633789062 1318.392822265625 1050.037109375],0.6230087876319885,AP05JEO,0.35434139691098676
211,1.0,[1054.983991050146 803.8947685836106 1432.1433417725452 1075.7122587972697],[1194.3489990234375 1003.1612548828125 1324.61865234375 1050.06298828125],0.63054358959198,AP05JEO,0.2998111081372142
212,8.0,[435.89073966404743 724.4401877964243 752.2516669484833 996.8464536734715],[535.7025146484375 887.484375 637.6921997070312 934.1211547851562],0.6746214032173157,KR05ZZK,0.22514632392764106
212,1.0,[1054.4673581164543 806.3745932693766 1431.3447547022602 1076.9797030267182],[1190.0413818359375 1006.0471801757812 1319.8411865234375 1051.3751220703125],0.5458841323852539,AP05JEO,0.12681966924939325
213,8.0,[430.97162777577887 727.0515152982895 750.489159662867 1000.4763169856745],[535.0038452148438 893.1439819335938 635.1361694335938 937.8116455078125],0.6708868145942688,KI05ZZK,0.0935398234099594
213,1.0,[1056.570405435185 810.7708667249121 1433.9544391726326 1078.241500414653],[1191.4915771484375 1009.3324584960938 1311.3006591796875 1057.17236328125],0.618125319480896,AP05JEO,0.6241770159079397
214,1.0,[1057.399649894021 814.0225114514768 1433.544916208561 1079.0375465265702],[1190.9176025390625 1013.3754272460938 1324.966552734375 1061.8406982421875],0.6345269083976746,AP05JEO,0.2612687133121613
215,8.0,[427.3147560532682 733.4506284175187 750.167595701256 1008.5206593778058],[529.4078369140625 900.327392578125 630.2685546875 948.2938842773438],0.6506611108779907,KR05ZZK,0.46013812048678115
215,1.0,[1055.6790482862925 817.4219805499804 1431.824100045088 1079.771973573829],[1193.9315185546875 1017.3568725585938 1324.0902099609375 1066.256591796875],0.5319241285324097,AP05JEO,0.3411188566271261
216,8.0,[424.079204526107 736.4172713120677 747.904648672615 1012.8292096349451],[524.8656616210938 903.375732421875 625.8274536132812 951.861328125],0.6274649500846863,KR05ZZK,0.13310096189339446
216,1.0,[1056.6042087317996 821.5711290543893 1432.9957113554447 1079.8811591480353],[1189.55712890625 1026.5584716796875 1335.1153564453125 1070.322509765625],0.6188709139823914,AP05JEO,0.5748484406771517
217,1.0,[1056.799821140412 824.8134171403934 1433.17034133879 1079.4117102383143],[1188.4901123046875 1027.4627685546875 1333.4744873046875 1075.99658203125],0.6739934086799622,AP05JEO,0.6586319851188199
218,8.0,[417.65503848924965 743.882796736038 743.6596214767778 1022.2216428767151],[525.8723754882812 911.8866577148438 624.3662719726562 956.7610473632812],0.6357901096343994,KH05ZZK,0.808700763385051
218,1.0,[1061.1414633919323 828.7035097309027 1436.2397451691074 1079.4245734052238],[1187.29833984375 1035.83642578125 1327.8489990234375 1078.115234375],0.6047043204307556,AP05JEO,0.3128176575444226
222,8.0,[411.302487157795 758.7246152547499 740.9950006102281 1037.2181463535367],[513.83056640625 925.7084350585938 620.1998901367188 973.6084594726562],0.575897216796875,KH05ZZK,0.3741955067046958
223,8.0,[410.0372318177631 761.0161893327066 739.8033454673237 1040.8709174037533],[514.263427734375 929.192138671875 617.578125 975.7131958007812],0.6238682270050049,KN05ZZK,0.2789390983546023
225,8.0,[403.0442993938857 767.7454481974987 734.3778001241255 1049.803499743245],[504.9791564941406 938.28955078125 615.820556640625 987.2288818359375],0.6510174870491028,KE05ZTK,0.05492943666669069
228,8.0,[392.31170844599984 777.1003710447021 729.9631668442137 1062.8064447748627],[502.0602722167969 945.4757080078125 611.4523315429688 997.1107177734375],0.6339818239212036,KH05ZIK,0.1282563198080565
232,8.0,[383.58265417436724 788.0673713924989 723.8423957847144 1074.8269627299203],[497.7058410644531 962.7890625 603.18994140625 1012.6893310546875],0.6827521324157715,KR05ZZK,0.16851544908778918
233,8.0,[383.29141645702646 791.6516008642182 722.8211085499598 1076.635450515243],[494.3844909667969 968.1749267578125 601.4389038085938 1018.475830078125],0.670190691947937,KR05ZZK,0.05027934598418652
236,8.0,[372.96696231726185 800.7462644533662 720.3660624466905 1077.731687225746],[489.28143310546875 982.0211791992188 598.9956665039062 1031.0904541015625],0.6867995262145996,RN05EZK,0.04474338506357669
237,8.0,[374.3908992442173 804.743245511853 720.2527286024681 1078.6985411250173],[485.1424255371094 985.03857421875 596.6807250976562 1037.2730712890625],0.7009717226028442,KH05ZZK,0.4088748298893711
238,8.0,[373.5603660697064 807.1242533317061 719.5859566785336 1078.492882007669],[483.1072998046875 988.166259765625 592.2784423828125 1039.125244140625],0.7087871432304382,KH05ZZK,0.2058328589312122
239,8.0,[371.7803536591234 809.189894757337 721.3296119043455 1077.9219615477762],[480.6435241699219 992.5906372070312 594.8944702148438 1044.3153076171875],0.6803722381591797,KH05ZZK,0.17381702530588355
249,319.0,[1155.890627951971 555.2946901765216 1428.0803052288716 775.9344276258697],[1264.7264404296875 695.8997192382812 1329.5120849609375 733.9700927734375],0.3686754107475281,EY51REC,0.4651161242515704
250,319.0,[1157.41093992196 561.2831761633098 1431.8209358130125 789.1383492044216],[1264.962646484375 696.0986938476562 1329.9471435546875 734.2608642578125],0.4767686426639557,EY61MEG,0.5866028380648086
261,319.0,[1165.0900216921214 578.6721453693224 1442.5326809852677 818.7882219089988],[1275.2198486328125 716.8922119140625 1341.727783203125 759.8547973632812],0.26272106170654297,EY61NBG,0.43366946310166926
265,319.0,[1166.8485265873373 586.2189921780066 1449.0708513735062 827.5716501151255],[1278.0511474609375 722.9921264648438 1344.1607666015625 774.0230712890625],0.3107542097568512,EY61NBG,0.1489386983114786
269,16.0,[457.9940807005422 734.4380663167918 774.5488461887068 1017.4612207759538],[571.9966430664062 916.9531860351562 667.6000366210938 964.6583862304688],0.6009289026260376,FJ14ZHY,0.37318105698322473
273,16.0,[456.8163209707802 746.5862161069525 774.1845995224742 1036.0365846899808],[564.1408081054688 931.64013671875 661.50927734375 982.2583618164062],0.7003827691078186,FJ14ZHY,0.18417690305542564
273,319.0,[1167.9371861423197 601.9224897465014 1457.4852907110926 861.251205396608],[1283.00146484375 739.4628295898438 1347.2890625 782.0150756835938],0.2539284825325012,EY61NBC,0.32187858799611446
274,319.0,[1169.4254661585794 601.928399180998 1461.409280025284 861.9506680213988],[1286.262451171875 739.2899780273438 1352.1888427734375 784.4031372070312],0.26477769017219543,EY61NEG,0.14945592108240988
275,319.0,[1171.0379039781544 604.3868240227125 1466.6507270750342 865.8970713468982],[1285.6231689453125 727.1363525390625 1353.360107421875 795.106201171875],0.3554995059967041,EY61NBG,0.24128878827057318
276,16.0,[449.76751353615543 758.286368066488 772.0462910656344 1047.890752141012],[550.7059936523438 940.6331176757812 657.61376953125 990.0576782226562],0.6529585719108582,FJ14ZHY,0.40287646150122314
278,16.0,[448.0151583402344 763.2935886774729 771.0578821187644 1051.9972185097777],[551.4581909179688 949.1804809570312 650.6094360351562 999.5557250976562],0.6856719255447388,FJ14ZHY,0.20463506671821202
278,319.0,[1169.9435781196603 609.9732162523909 1463.051597289406 871.1038639678701],[1282.3909912109375 743.865966796875 1360.5887451171875 801.689208984375],0.4490666091442108,EY61NBG,0.5028140470527029
279,16.0,[444.32270828533126 767.6762487914596 768.617787134525 1056.2710895590835],[550.7832641601562 954.9175415039062 650.3567504882812 1006.0684204101562],0.6873921155929565,FJ14ZHY,0.45224709748199915
280,16.0,[440.21146621805394 770.9175011298076 766.7619763566539 1061.0629733622216],[550.8616333007812 955.0784912109375 651.7963256835938 1006.5882568359375],0.6979250907897949,FJ14ZHY,0.21578588785085448
280,319.0,[1171.3870250752511 615.029430691009 1467.6228792512156 874.923409796594],[1282.8541259765625 753.1046142578125 1362.9971923828125 804.5166015625],0.4507213830947876,EY61NUG,0.239120231905611
282,16.0,[431.9197697182053 776.738833256168 764.1177560014489 1070.647923978787],[547.2784423828125 964.3716430664062 648.5447387695312 1014.9274291992188],0.6940615177154541,FJ14ZHY,0.32435925533470644
283,16.0,[429.740158515015 779.3634336421492 763.8548255992507 1073.7843756255188],[544.8778076171875 966.7919311523438 645.4334716796875 1019.2930297851562],0.6805944442749023,FJ14ZHY,0.547020308104917
283,319.0,[1171.7636279404032 619.5837056301984 1472.5673868169229 882.5814864221159],[1282.1280517578125 765.4861450195312 1361.522216796875 811.1303100585938],0.44499826431274414,EY61NBG,0.25307107845933824
284,16.0,[427.9913784081289 781.8209993326379 763.3598724225728 1076.365711309826],[542.89404296875 973.4893798828125 645.5626831054688 1022.4351196289062],0.6908178329467773,FJ14ZHY,0.401899625265208
284,319.0,[1172.9063575217708 621.1914904912567 1476.5430845651115 884.8486842993495],[1283.7626953125 768.93701171875 1367.4693603515625 818.7138671875],0.5519876480102539,EY61NBG,0.21336167479823567
285,16.0,[425.9149903889777 783.6082571902444 762.7432044813231 1077.0579105459733],[538.6697387695312 978.50830078125 646.6953735351562 1028.962646484375],0.6995322704315186,FJ14ZKY,0.1445692014937548
286,319.0,[1173.508610167211 624.1548185060929 1481.8757902778325 890.9060673431277],[1289.19921875 779.3016357421875 1368.368896484375 823.541015625],0.5146850347518921,EY61NUG,0.16514576186551302
287,16.0,[422.9578893855994 788.2410015281442 761.1418788970036 1076.9674057519994],[538.3495483398438 985.3619384765625 640.2801513671875 1035.828125],0.7144615054130554,FJ14ZHY,0.6058352681075779
287,319.0,[1172.449349464683 625.9162470975375 1480.9931005547473 894.1867492171973],[1287.31640625 766.48974609375 1369.9376220703125 824.7630615234375],0.567141056060791,EY61NBG,0.3456790430466723
288,319.0,[1172.4788965756932 628.0838633100354 1480.509065005186 896.95643163728],[1288.2822265625 780.7626953125 1371.6329345703125 828.0773315429688],0.37906819581985474,EY61NBG,0.261469477449249
289,16.0,[420.7845210923756 794.2156292167234 761.3292635363316 1077.4190414086765],[534.1025390625 994.1885375976562 643.1478881835938 1046.651123046875],0.6991949677467346,FJ14ZHY,0.4410858987096164
291,319.0,[1174.8615454199885 636.0469726190217 1485.7756503688151 907.5725075271971],[1289.7264404296875 792.9547729492188 1367.6888427734375 833.774658203125],0.5884119272232056,EY61NBG,0.5575155784614468
293,16.0,[412.3618424149837 809.2590262435891 756.7865823841095 1076.6913356309783],[526.6959838867188 1010.0614013671875 634.03076171875 1061.0684814453125],0.7260116934776306,FJ16ZHY,0.4843317449061864
295,16.0,[407.72879978210733 817.2658480786981 754.8346056811414 1080.8397820107625],[523.45703125 1019.7105102539062 630.1527709960938 1067.9869384765625],0.6943877339363098,FJ14ZHY,0.32467469454708353
296,16.0,[403.78350403840403 820.6132747517779 753.0521086380645 1082.2437301798636],[521.9063110351562 1025.3204345703125 631.2902221679688 1075.9190673828125],0.7195295095443726,FJ14ZHY,0.4143145353932621
297,16.0,[401.64790406689167 824.6736389393852 752.8598869745781 1082.7110987649078],[523.2250366210938 1031.1771240234375 627.1553344726562 1080.0],0.7148420810699463,FJ14ZHY,0.403200031042157
297,319.0,[1176.8552852101307 647.6597769957609 1490.9819660259832 923.8094138945692],[1297.6695556640625 811.1903686523438 1382.4759521484375 851.4472045898438],0.5072463750839233,EY61NBC,0.47175206423530036
299,319.0,[1178.5280393096623 653.4718150906165 1491.702276897975 928.8222974666105],[1294.64111328125 816.9086303710938 1385.164794921875 858.8553466796875],0.6221715211868286,EY61NBG,0.2894009535150021
304,319.0,[1183.1656844274721 664.1773659339931 1498.5213535572943 947.7699311515241],[1299.0869140625 834.7413940429688 1389.6292724609375 873.5216674804688],0.5909777879714966,EY61NBG,0.43690958544233605
305,319.0,[1182.708410093279 666.8195800060865 1498.5116183559692 952.9137441081294],[1300.5963134765625 833.9983520507812 1390.96728515625 876.7710571289062],0.5966906547546387,EY61NBD,0.565258852797197
306,319.0,[1182.9610990513 668.6788816722185 1499.152353172011 957.143294359488],[1301.1654052734375 840.7234497070312 1390.8790283203125 881.87109375],0.6069939732551575,EY61NBG,0.42506272654941324
308,319.0,[1183.717850326229 675.2857119949717 1501.2577451876732 965.8921143873633],[1299.922119140625 840.609375 1393.8641357421875 891.344970703125],0.663864016532898,EY61MBC,0.2695220464722412
309,319.0,[1185.8827145802616 677.7666166215262 1505.4762191744958 969.5454411768698],[1308.3765869140625 848.2439575195312 1393.9036865234375 893.4490356445312],0.5987300276756287,EY61NBG,0.34132530014863544
310,319.0,[1187.694286483445 680.8313038293442 1510.2951867558422 972.2975762000179],[1305.102783203125 849.07421875 1394.99658203125 896.4602661132812],0.5753694176673889,EY61NAG,0.10397632801450296
315,319.0,[1189.963717452665 696.6385134619561 1519.8832690944125 993.7066672337644],[1307.6612548828125 865.3438720703125 1404.056396484375 914.8890991210938],0.680993914604187,EY61REG,0.3693907127180588
316,319.0,[1189.6008681253281 699.2617479080741 1521.3919829966296 997.0783544876649],[1311.2373046875 859.938720703125 1403.5845947265625 915.6324462890625],0.6167319416999817,EY61RBG,0.2574591886676144
317,319.0,[1190.244653089097 701.8640707638228 1525.1159883321384 1000.0072335981974],[1309.1790771484375 872.7169189453125 1406.3231201171875 922.4144897460938],0.6243261694908142,EY61NBG,0.2994692380299059
318,319.0,[1190.9376187148612 705.3977403521839 1527.0550582152002 1003.4993431574],[1311.523681640625 881.4204711914062 1408.3450927734375 922.1830444335938],0.5222295522689819,EY61NBG,0.40306538109756657
320,319.0,[1192.1408240903645 710.8693507131527 1530.5969747872307 1010.4437844150266],[1313.6893310546875 890.4603881835938 1407.9805908203125 931.1356201171875],0.6283736228942871,EY61NBG,0.6251522277590339
321,319.0,[1193.0181296467017 713.280157123499 1532.631443769043 1014.7903587514992],[1315.2945556640625 887.9111938476562 1410.0084228515625 930.9321899414062],0.6324018239974976,EY61NBG,0.4565257564618901
322,319.0,[1194.2725969664205 714.5148625210363 1535.0912861081931 1017.7909093100427],[1316.6650390625 891.0591430664062 1413.4132080078125 938.6094360351562],0.6783108711242676,EY61NBG,0.5897178311134913
324,319.0,[1196.1592942739685 718.6395820763742 1537.6941067977532 1025.1139138189724],[1320.9693603515625 896.224365234375 1415.53857421875 944.958251953125],0.618607223033905,KY61NBG,0.20370377440090648
325,319.0,[1195.8406905526367 721.4225850483142 1536.3691001980937 1028.6353020114034],[1326.44384765625 903.99755859375 1416.1256103515625 946.6834716796875],0.6043224334716797,EY61NBG,0.661700342443537
326,319.0,[1196.194738017869 726.1447152765445 1536.1730611070984 1034.1209020407503],[1322.4158935546875 905.7615966796875 1413.897216796875 952.4445190429688],0.6484363079071045,ET61MBG,0.056535044551727726
328,319.0,[1197.5029963657803 732.9922072372051 1538.9122820116963 1042.445192043332],[1320.369873046875 915.1406860351562 1414.4071044921875 957.7350463867188],0.6671148538589478,EY61NBG,0.7287457163796851
329,319.0,[1199.9176393212801 735.8730341640892 1544.3731012107219 1045.89166460167],[1324.4268798828125 907.8563232421875 1419.8779296875 966.2523193359375],0.6589723229408264,EY61NBG,0.4592552359927878
330,319.0,[1201.0161906069206 739.498862397186 1547.576850021072 1050.4124488448613],[1324.363525390625 918.5751953125 1422.822265625 969.9296875],0.5891891121864319,EY51NEG,0.39137673508216053
331,319.0,[1201.8736716997732 742.4799680559022 1550.829269163184 1054.3054297004232],[1326.333984375 923.0156860351562 1424.149169921875 969.6619873046875],0.6120712757110596,EY61NBC,0.48107899776331114
332,319.0,[1202.1546243391113 746.780669308166 1553.5207086741143 1059.047128815884],[1329.903076171875 922.3798828125 1423.49560546875 978.514892578125],0.2842561900615692,EY61NBG,0.42273481310132505
333,319.0,[1203.0286288084483 751.8966295845779 1556.9312548251048 1063.6537524231946],[1325.2554931640625 935.7262573242188 1428.388916015625 980.6372680664062],0.665220320224762,EY61NBG,0.747093179952536
337,319.0,[1204.45139288896 761.8806528138498 1563.858897078925 1073.6738843475462],[1332.409912109375 952.7026977539062 1431.5654296875 994.0911254882812],0.6357761025428772,EV61NBG,0.3607481691938242
339,319.0,[1206.607014344379 764.6484787423634 1566.2110935531073 1074.4259174780811],[1334.4686279296875 961.6168212890625 1438.7750244140625 1003.597412109375],0.6804227828979492,EV61NBG,0.19718488629019282
340,319.0,[1208.4447928706527 766.2031830160197 1570.4504089213337 1074.3246891177118],[1335.7611083984375 962.2868041992188 1435.8125 1006.3855590820312],0.685917854309082,EY61NBG,0.5477717887872113
341,319.0,[1209.1169094146421 769.8651349609452 1571.0290805463042 1074.6893460754684],[1339.58056640625 962.4993896484375 1439.0048828125 1012.17919921875],0.6842309832572937,EY61NBG,0.7123157285357755
342,319.0,[1209.6263001981022 774.4616891459486 1571.2623651426618 1075.331224146732],[1341.4110107421875 972.4595947265625 1444.45458984375 1018.1224365234375],0.6401702761650085,EV61NAG,0.19330662970206738
343,319.0,[1211.1122601822751 777.5924456216399 1574.0909452725466 1074.7510018891394],[1341.2296142578125 979.4921264648438 1445.7733154296875 1021.8147583007812],0.6914265155792236,EY61NBG,0.6437127515908269
344,319.0,[1212.357845531782 781.4757797607127 1577.1103420233726 1075.5237368368253],[1340.0321044921875 982.9264526367188 1441.9237060546875 1025.7236328125],0.6937696933746338,EY61NBG,0.7307681693271568
346,319.0,[1215.5412491644543 787.4611427317086 1585.601164442106 1075.7370689358593],[1346.0640869140625 987.1928100585938 1448.53173828125 1036.442626953125],0.7082484364509583,EY61NBG,0.29128176800834804
347,319.0,[1215.4218758268776 791.6342759813689 1585.3641520399697 1076.6833183253261],[1345.5711669921875 993.2357177734375 1453.8447265625 1044.123779296875],0.6874369978904724,EY61NBG,0.7137146890998524
348,319.0,[1215.923116538642 795.8186362687188 1585.4164900203712 1076.8245335574154],[1344.7796630859375 1000.0603637695312 1453.31787109375 1048.5048828125],0.7215697169303894,EY61NBG,0.6696226991152531
350,319.0,[1218.241378758624 803.0373577949998 1592.3864432891621 1078.0210676271572],[1348.4964599609375 1007.798828125 1453.8651123046875 1053.9600830078125],0.7174275517463684,EY61NBG,0.6282935918074735
351,319.0,[1219.9848467569732 805.3259250310525 1596.9861232224707 1077.2920600326993],[1348.292724609375 1010.6619873046875 1456.267822265625 1061.67333984375],0.7354061603546143,EY61NBG,0.6513068981763324
352,319.0,[1221.4339762713673 806.9662299651606 1601.684371824733 1075.3625177906752],[1347.1944580078125 1014.3614501953125 1459.417236328125 1067.117431640625],0.697610080242157,EY61NBG,0.5696774417552984
353,319.0,[1223.0843325728715 810.3352162123865 1605.1857380977276 1074.7750433655594],[1351.836669921875 1026.526611328125 1460.0421142578125 1069.736572265625],0.6892461776733398,EY51MBG,0.11382419638887219
386,366.0,[399.0426304456199 749.6365616267017 739.997302463327 1052.2263748472758],[507.2996520996094 939.9735717773438 609.2972412109375 981.3469848632812],0.5847256183624268,AV08KYF,0.11274600675596193
406,366.0,[336.367453461894 807.069905335023 706.5137204157818 1080.8588198244067],[462.70477294921875 1014.237548828125 565.9248046875 1062.5379638671875],0.6824942231178284,AV08XVF,0.38717444546719865
407,366.0,[337.3172547491351 810.1914342871193 705.0809790128947 1081.3556800688173],[461.410400390625 1025.3927001953125 566.851318359375 1069.3121337890625],0.6499212980270386,AV08HVF,0.3735456532667483
407,515.0,[1129.7271175213004 456.81850936844876 1507.0359099942411 907.9951108188338],[1289.652099609375 797.5220947265625 1375.9461669921875 841.7268676757812],0.5639168620109558,JB66SUS,0.0670362029723973
411,366.0,[331.29919727937255 824.1396241596731 703.2589280317511 1080.7989426701379],[451.0254821777344 1038.788818359375 549.9306030273438 1080.0],0.699353814125061,AV04HYF,0.5014304191979011
412,366.0,[327.83711017570226 827.6386330146736 701.8639107459444 1080.424323230941],[454.4248352050781 1046.4620361328125 556.0684814453125 1080.0],0.43201878666877747,AV08HVF,0.6631490119646566
413,522.0,[1141.0990780681564 464.99147899537604 1504.4734059921102 925.920376650386],[1291.796630859375 815.65283203125 1379.51025390625 857.88427734375],0.6147395968437195,BC65USJ,0.4573239097173242
414,346.0,[501.9529491479908 626.9280655874253 760.1963586526814 808.8257152186101],[587.9293823242188 745.8235473632812 662.1654663085938 785.0894165039062],0.2757294476032257,NA54KGV,0.26891344170673154
416,522.0,[1148.7411444174122 469.06192855783735 1510.2214871471515 935.124293245693],[1292.6573486328125 824.1253051757812 1377.2537841796875 866.3347778320312],0.6142827868461609,BC65USJ,0.344032090876668
418,522.0,[1152.9710250253593 473.7127891953615 1513.4907028682464 944.4773157893599],[1290.8431396484375 829.1541137695312 1381.93408203125 872.7147216796875],0.6106700897216797,BC65WSJ,0.2440050583725183
419,522.0,[1153.079533146327 475.1302754065866 1512.4048143856733 947.9251744258397],[1291.2584228515625 832.6492309570312 1383.8922119140625 876.1561889648438],0.5839338898658752,OG65USJ,0.42739613775822516
420,515.0,[1149.2707308222518 480.69030408526845 1512.3729280560694 954.4896847982293],[1292.511474609375 836.8875732421875 1386.4775390625 880.8702392578125],0.6316450834274292,OG65USJ,0.1670966970248748
422,515.0,[1149.8299570408374 481.0289284652185 1514.2845252497211 960.55077302877],[1292.86767578125 841.0098266601562 1382.632568359375 883.9033813476562],0.6384114623069763,BC65USJ,0.3113897310068948
426,515.0,[1154.1824889774211 489.45727127091413 1523.4778641606708 981.5142169521871],[1291.4271240234375 855.4188232421875 1384.625244140625 898.5315551757812],0.5943467617034912,BG65USJ,0.23057853126018968
429,515.0,[1158.293354774602 494.36370851318327 1533.5395765946619 991.5763138234157],[1296.4747314453125 865.2722778320312 1388.6646728515625 908.1202392578125],0.6380385756492615,OG65USJ,0.296339120776309
431,515.0,[1160.2670794874782 496.3401740948492 1545.0476702996236 997.0744166928556],[1295.7965087890625 871.4090576171875 1390.6363525390625 914.81787109375],0.6640388369560242,BG65USJ,0.3683406062347129
445,563.0,[1162.3209842903116 525.0129147274761 1551.8109847102796 1054.5741957477603],[1298.726318359375 919.5516357421875 1394.712890625 966.8543701171875],0.6672973036766052,BG65USJ,0.622474339156633
450,515.0,[1150.1351287041166 531.9115060523646 1566.5161219145743 1064.131853357465],[1296.0670166015625 941.2586059570312 1396.4619140625 986.909912109375],0.6980066895484924,BG65USJ,0.6490528234836366
450,93.0,[578.0575170037166 522.5832886003094 844.791710563218 768.1066064558357],[666.3069458007812 672.5856323242188 745.23779296875 716.8099975585938],0.569254457950592,YK64DKY,0.08795575200733288
451,346.0,[451.64568067815594 684.895446032526 727.8069383856362 886.5573116994567],[544.0059814453125 819.2825317382812 624.849609375 861.4022827148438],0.42155754566192627,NI54KGU,0.009091667168800477
452,515.0,[1145.0758784958887 534.805183387597 1565.6956637698952 1069.5798413761318],[1296.182373046875 947.4871215820312 1396.9962158203125 993.0606079101562],0.6804150342941284,BC65USI,0.1899025272582462
453,515.0,[1145.7034009675117 537.7728073848408 1568.741768382467 1072.9334341182553],[1295.0455322265625 952.6264038085938 1399.1453857421875 1000.08935546875],0.6794913411140442,BB66SUS,0.39760562010230943
456,93.0,[571.7823473192568 527.3931264029673 842.4749905580627 779.4366038699559],[656.2757568359375 677.9535522460938 742.5955810546875 726.1084594726562],0.609088659286499,AA64ONV,0.10319683570644525
459,580.0,[1140.2650340707899 556.0216969332864 1576.165169928762 1073.9546507206196],[1296.1458740234375 975.2777709960938 1405.316650390625 1024.139404296875],0.7010300755500793,BC65USJ,0.2966497799735769
464,93.0,[565.566633901137 534.443111069199 836.2777925749433 791.1746725965265],[654.2059936523438 691.1851196289062 737.8809814453125 735.1919555664062],0.6127890944480896,AO64DMY,0.06708682537031588
465,590.0,[1130.778213387558 573.2004987371246 1578.4497752557836 1071.784585019447],[1296.125 1000.707275390625 1408.0914306640625 1048.7984619140625],0.71964031457901,BG65USJ,0.5936936858639517
467,93.0,[563.0714711246275 537.8076358582321 836.495644869602 795.2288544972903],[652.3991088867188 697.7547607421875 736.203369140625 739.2096557617188],0.48323389887809753,AK64DMY,0.2674056074833964
468,93.0,[560.2185567340015 538.9311097679436 837.1786222855216 797.1211739783614],[654.2772827148438 697.0281982421875 733.567626953125 743.2059326171875],0.5914813280105591,AK64DMY,0.3001641951532812
470,93.0,[553.5435148946384 541.0262324930203 834.8353731586932 799.7950152668744],[651.415283203125 701.9891967773438 726.7692260742188 741.6619262695312],0.4994780421257019,AK64OMY,0.2968519640280698
471,93.0,[548.6494760587362 543.9606262610899 831.710730728801 803.1153545853396],[647.8988647460938 700.6571655273438 729.062744140625 747.0143432617188],0.6180478930473328,IH64DWY,0.5154740002044921
472,93.0,[547.0349941935532 546.3844127849823 830.1725923687126 805.4086478258685],[651.869384765625 702.7457885742188 730.071533203125 749.5638427734375],0.41734474897384644,IK64DMY,0.41694716723588626
476,93.0,[546.2873784188034 552.8007180312463 825.959339069022 812.6094770826621],[644.7084350585938 711.3080444335938 726.22314453125 756.5704345703125],0.5535591840744019,AR64OMV,0.23457923842553702
478,93.0,[547.482553143708 555.8309050884698 827.8804666256676 816.7879571051087],[643.6657104492188 715.8204956054688 722.11083984375 755.1583251953125],0.4954407811164856,AK64DHV,0.2009081387468492
479,93.0,[546.5518790666843 558.1867769545411 827.1383914659846 820.3236174340364],[646.0181274414062 717.2593383789062 721.7871704101562 758.7448120117188],0.5707059502601624,AK64DMV,0.29511641160285595
481,93.0,[541.9011219295018 559.4750397021924 824.2952432580017 823.4874615704539],[637.4678344726562 722.8145141601562 722.034912109375 761.344482421875],0.5497778058052063,AO64DMV,0.20117174349455197
482,93.0,[541.6081774946007 561.0707834575644 825.3809081532764 825.334228899869],[640.5593872070312 721.777587890625 720.4677124023438 762.1842041015625],0.5752001404762268,AR64DMY,0.26468984184621985
485,93.0,[538.9079559703472 565.7940604019027 825.3833188501993 830.7579711660728],[627.9071655273438 723.5001831054688 715.1159057617188 766.1304931640625],0.6022776961326599,AM67JMY,0.18955266013444524
486,93.0,[536.4946307308122 567.9974686108146 824.5736211556233 833.0711979532803],[623.1892700195312 724.2089233398438 717.7120971679688 771.9371948242188],0.5828140377998352,OK64DMY,0.16158275158044655
487,93.0,[535.6589429139377 569.5662329982451 825.1798239409117 833.9162235699346],[623.6588745117188 724.8111572265625 716.093994140625 773.1654663085938],0.6311081647872925,AK64DMV,0.52139487647011
491,93.0,[530.981843517726 575.3740428489118 823.2058580138885 839.789875995383],[620.4251098632812 736.9453735351562 713.6607666015625 779.6409912109375],0.5471425652503967,AO64DMY,0.4532840253901993
492,93.0,[528.2618263744375 577.9361139201991 818.4790657487179 843.4047453964639],[622.5370483398438 738.5425415039062 710.147705078125 780.0521850585938],0.5461634397506714,AX64OMY,0.38422349968782854
493,93.0,[526.7918367157441 579.4864995944952 815.7010473723386 845.0869937456746],[620.4483032226562 739.0255737304688 712.9085693359375 780.64306640625],0.5505025386810303,AK64DMV,0.4301215991235226
495,93.0,[525.7654885923414 582.5141109842519 814.6813560769849 848.8812693120207],[617.890869140625 743.5308837890625 709.6185302734375 786.26513671875],0.5607026815414429,AX64DMV,0.4771062832988812
496,93.0,[523.7342865971386 582.8310595192072 812.8617889666139 850.0758995037497],[621.9349975585938 743.7218627929688 709.624755859375 787.0153198242188],0.5248751640319824,AK64OMV,0.22843550725942344
497,346.0,[405.8359527109614 788.5289984161542 711.0119953438586 1020.9428570670246],[496.0937805175781 945.498779296875 601.6835327148438 997.927001953125],0.5912750363349915,ND50KGJ,0.04491166926365836
497,93.0,[522.2196723373696 583.0341969606541 812.0425323707915 851.2701755751486],[618.906982421875 744.7208862304688 706.106201171875 790.7316284179688],0.5695527791976929,AK64OMV,0.5962842539742611
500,93.0,[515.5859145053455 584.6565115057472 810.7384090984228 856.3215698676177],[604.7666625976562 747.6665649414062 704.2549438476562 797.4957885742188],0.6431616544723511,AM64DMY,0.1220172514028329
501,93.0,[513.2060346409601 586.8970877975371 809.7523083333854 859.4546622919543],[609.4326782226562 753.2477416992188 704.0798950195312 800.5175170898438],0.6161311864852905,AK64DMV,0.28630880226491484
503,93.0,[511.9060739858767 589.1118487118695 809.173445750745 862.9014367028678],[608.1907958984375 758.2479858398438 701.3334350585938 803.4201049804688],0.5818995237350464,AK64DMV,0.45153736807106737
504,93.0,[510.9950756797773 590.6097921632638 809.1773541582311 865.6752217141873],[606.2724609375 761.716796875 696.828369140625 803.1396484375],0.6076576113700867,DK64DMV,0.08687725843767607
506,93.0,[508.92325009337367 593.215683881631 808.3869406828518 869.9523479818655],[607.1017456054688 764.0557250976562 698.4849853515625 808.1592407226562],0.6586399078369141,AK64DRV,0.3116427285730575
511,93.0,[501.59082024375033 601.7971379895989 808.9295072377492 883.0663820563195],[599.2778930664062 772.105224609375 690.754638671875 817.0235595703125],0.6799441576004028,DK64DMV,0.12605866982185296
512,93.0,[500.66479617867265 603.517369057183 807.8473325421281 885.1647050639522],[595.7407836914062 772.631103515625 692.3189086914062 821.1655883789062],0.6762208342552185,AH64DAY,0.31064999657882875
512,346.0,[391.1824443347713 831.7442358412038 707.771812831909 1070.1314111767924],[484.9002685546875 1001.8245849609375 593.8158569335938 1049.606689453125],0.4100315272808075,MA54KCJ,0.06199071661913976
514,93.0,[495.5346825133494 607.5786470264036 802.7730280570327 889.9835530071996],[597.0787353515625 779.7793579101562 693.0476684570312 827.7306518554688],0.6419626474380493,AN67DNY,0.08875978231272401
516,93.0,[493.815945676863 612.2224843551995 801.9101061336798 897.1142742207118],[595.330322265625 786.1591186523438 690.4711303710938 828.4443969726562],0.6021751165390015,AK64OMY,0.1553279367629647
517,93.0,[490.69646746029036 612.7243696872417 798.9125917288499 897.869970156796],[597.2142333984375 787.3982543945312 690.7906494140625 831.5032348632812],0.662693202495575,AR67DMY,0.14799182763876054
518,93.0,[489.7852783672709 614.6937652574154 798.1553458467672 899.8083808955696],[594.2234497070312 788.3455810546875 690.2304077148438 834.8536376953125],0.6795939803123474,AK64DMV,0.43708205340116413
520,93.0,[489.4722028771454 617.1106436937212 797.6769802215132 903.327747442675],[588.66650390625 793.8350830078125 684.4462280273438 839.9586181640625],0.7005212903022766,AK64DMY,0.09320867833753435
525,93.0,[480.92801292056924 627.7434204886997 790.675019357368 917.8365995549059],[583.6849975585938 805.1039428710938 678.5074462890625 851.5116577148438],0.6728917956352234,AK64DMV,0.1471877945869229
526,93.0,[478.6689650436631 629.211016347364 789.6260757266434 920.0410382082846],[581.3436279296875 807.1437377929688 678.282958984375 852.1871337890625],0.6544870734214783,AK64DMV,0.3969373053771592
527,93.0,[476.6480407750835 631.0917332662915 789.5781614702612 922.4663603760974],[583.7234497070312 810.9305419921875 678.2373657226562 858.1539916992188],0.6871388554573059,AK64OMV,0.24858491652145878
530,93.0,[471.42806152024593 635.0192735516318 787.9394294103953 928.9133331257387],[577.7725219726562 816.7135620117188 674.3141479492188 864.7490844726562],0.7016751766204834,AK64DMV,0.5680206749136016
531,93.0,[469.89518534739943 637.6201375586813 786.6239218186464 931.9469350237018],[574.8937377929688 820.17626953125 670.640869140625 863.999267578125],0.6375640034675598,AX64DMV,0.44832522032715927
533,93.0,[467.8417667539312 640.7727951596781 786.171137228332 938.2403715034783],[573.954345703125 822.0142822265625 673.4664916992188 871.0777587890625],0.691295325756073,AK64DHV,0.08677589053834565
534,93.0,[465.9974872936043 643.3282524650525 784.9095834221291 941.7718239542222],[573.8401489257812 826.9954833984375 674.3026123046875 877.6898803710938],0.6877961158752441,AK64DMV,0.35132376963120177
535,93.0,[464.85927218492975 644.9900812399676 784.2597538240846 944.097346375557],[573.9072875976562 827.6817626953125 673.4158935546875 878.0496826171875],0.7014122605323792,AK64DMV,0.19563219632428855
537,93.0,[460.82642166855226 649.1070360899548 782.4545597633619 949.6271517056803],[573.331787109375 835.4588623046875 667.2874145507812 881.5789184570312],0.6850752830505371,AK67DMV,0.2806522047159693
538,604.0,[1161.3979012251473 615.4395906187493 1437.3774313514748 847.8973821725664],[1255.2158203125 769.1947631835938 1340.4876708984375 810.6633911132812],0.5547044277191162,EF10DZI,0.08111172085508125
539,93.0,[456.6081625447394 652.9499248868005 781.3079439431124 954.615368878678],[570.8428955078125 842.40966796875 667.7159423828125 888.2552490234375],0.6790858507156372,AK64DMV,0.33728860730113336
539,604.0,[1161.683583771718 616.368374653908 1438.0008902418508 850.4206221548748],[1253.6005859375 770.8609008789062 1341.647216796875 812.8916625976562],0.5969171524047852,VF10MZT,0.05814253935129535
540,93.0,[455.1077702020487 654.9919315323019 781.1349655657002 956.5565253931926],[568.973388671875 842.5206298828125 664.93603515625 886.327880859375],0.6796255111694336,AK64OMV,0.323980027492206
541,604.0,[1161.25303884534 618.6770402921165 1437.7386172559184 855.8407357118897],[1256.540771484375 774.5831909179688 1341.07568359375 814.2357788085938],0.5753494501113892,EF10DZZ,0.1091224283212685
542,604.0,[1161.5453698051226 620.8851813860421 1437.771996859405 858.7839002006657],[1256.617431640625 774.6736450195312 1340.3536376953125 817.5518188476562],0.5591287612915039,EF30DZT,0.09931794840761397
543,93.0,[450.4152468571064 660.4516876777149 780.1866288114959 965.0762896292061],[562.5133666992188 848.587890625 666.8333129882812 900.1699829101562],0.6765578985214233,AK64DMV,0.25066327784463033
546,604.0,[1163.1522807912902 630.0403514474536 1439.5327409984025 871.1599147073808],[1257.486328125 782.7047119140625 1343.13916015625 827.9092407226562],0.5559720396995544,EF10WZI,0.4279872341477581
547,93.0,[445.4610762191955 667.2778322515143 779.4134003932058 975.8826495540912],[563.0924072265625 859.0316162109375 662.6620483398438 907.4586181640625],0.6864157915115356,AR64DHV,0.2970398803842098
549,93.0,[442.77395632805485 672.413426877828 779.0479057312158 983.6998188036675],[559.1817626953125 863.2321166992188 660.90087890625 911.2425537109375],0.7051166296005249,AK64OMV,0.2804799989839297
551,604.0,[1164.5130916248158 637.878262655816 1445.7968462899903 882.5419238825522],[1258.8409423828125 794.0650634765625 1346.0943603515625 838.62158203125],0.6535547375679016,EF10MZT,0.4314444504534742
552,93.0,[439.22897028276725 679.0630413224317 777.5197085697882 994.1633120850745],[554.6444702148438 872.2329711914062 661.3336181640625 924.6384887695312],0.6466856002807617,AK64DMY,0.26459641656652294
553,93.0,[439.59911044219984 680.5672411136529 777.1372808859799 995.857564179925],[556.9268188476562 875.7164306640625 656.1397705078125 923.560791015625],0.6604353189468384,AK64DMV,0.4491970360866828
553,604.0,[1164.4880899025932 638.867929057229 1447.030522067729 887.1394300774593],[1258.6131591796875 797.9126586914062 1346.2635498046875 841.5305786132812],0.6499226689338684,EF10DZT,0.47248607606441045
555,604.0,[1164.7069610778726 642.8092695222615 1447.4958909351162 895.1788845675642],[1260.465576171875 804.9428100585938 1346.677734375 849.4092407226562],0.620833158493042,EF10WZT,0.29752680611900906
556,93.0,[436.6786771536699 686.3029143602237 774.890425893035 1002.9383235407452],[552.5382080078125 883.9138793945312 654.4981079101562 930.2879028320312],0.6788172125816345,AK64DMV,0.42293337082310906
557,604.0,[1165.077324607841 645.9264525867108 1447.8283963507852 901.0070426446065],[1262.5843505859375 806.1187133789062 1346.2913818359375 850.5899047851562],0.6291890740394592,EF10OZT,0.14001964545289525
560,93.0,[429.3081026236463 697.1576492092112 771.1823255623973 1016.525248773865],[549.9907836914062 896.9835815429688 648.8243408203125 946.2032470703125],0.682828426361084,AK64DMV,0.48411480706768084
563,604.0,[1165.1581073375178 658.500810966718 1454.7615938751069 911.7502871059145],[1263.65087890625 818.9067993164062 1356.1212158203125 865.0127563476562],0.6526579856872559,EF10DZI,0.08390812236508656
564,604.0,[1166.0189500617087 660.2987894380391 1457.723242290432 915.274905900288],[1262.250732421875 820.6668090820312 1357.0809326171875 869.1326293945312],0.6599534749984741,EF10DZT,0.20003590094028376
565,93.0,[424.4935455658308 707.8756891614378 769.3691681677617 1033.4436458779696],[545.1519165039062 911.4728393554688 647.9595336914062 959.4981079101562],0.7010448575019836,AK64DMV,0.5692442504855216
566,93.0,[423.26837188260185 710.6306075414792 770.9503391789252 1037.708563878183],[540.4999389648438 914.738525390625 646.9501342773438 962.8472900390625],0.6781998872756958,AK64DMV,0.8166798283541606
568,93.0,[419.9228925230453 715.3550513206524 770.0408309095935 1044.81628238157],[538.24365234375 917.1231689453125 644.8786010742188 969.24560546875],0.6982817053794861,AK64DMV,0.7062574832590718
569,93.0,[417.0583847280015 717.5864462430729 768.0519002984961 1047.6914852200223],[539.1817626953125 920.3739624023438 643.5050048828125 972.0261840820312],0.6819682121276855,AK64DMV,0.6022125163096427
570,604.0,[1167.1705017983995 663.1423231032941 1462.0924252392533 931.2588289639316],[1267.657470703125 837.5731811523438 1362.5306396484375 881.9859619140625],0.611868679523468,EF30DZT,0.5436498765051831
571,93.0,[416.72415347086286 722.3193074159194 767.1377842982931 1053.01733293734],[539.2236328125 929.7793579101562 641.3095092773438 978.1744995117188],0.687730073928833,AK64DMV,0.48667542087739885
571,604.0,[1166.9907513438743 666.3206237773984 1462.80559546807 933.551436363915],[1269.4249267578125 840.1701049804688 1362.48681640625 884.2274780273438],0.6071838140487671,EF10DZT,0.11418364232791679
577,93.0,[402.8031534111997 734.9967588818722 763.7336833008685 1067.963276713174],[528.6976318359375 944.8493041992188 639.6029663085938 997.6027221679688],0.6640195250511169,AK64OMV,0.3001358572562116
578,93.0,[402.9894445138242 738.835230651676 763.7260210716526 1071.6152694535604],[525.55615234375 949.8407592773438 637.2120361328125 1001.5506591796875],0.6738225221633911,AK64OMV,0.18112554538734024
578,604.0,[1168.9030651201454 689.0293238758599 1468.387253713269 952.0371513727044],[1271.5831298828125 858.0172119140625 1366.27734375 903.4522705078125],0.6248447299003601,EF10DZT,0.3309600988191238
580,93.0,[401.88833482871564 744.8033213370117 761.779504729441 1075.1895942315418],[526.5870361328125 958.26708984375 635.1934204101562 1007.19873046875],0.709891676902771,AK64DMV,0.6372114070551395
580,604.0,[1168.4788045334471 694.4855134724671 1470.249929662134 957.8720184472054],[1270.4093017578125 863.911376953125 1366.841064453125 911.00390625],0.6580870747566223,EF30OZT,0.06881632680870897
581,93.0,[402.0678046980141 746.6891945252228 761.5281357871684 1075.1673965029297],[524.975830078125 960.9750366210938 634.729248046875 1011.1008911132812],0.6935631036758423,AK64DMV,0.33762758131442017
582,93.0,[402.2139405764706 748.7319658983654 762.7765071414813 1074.890132130624],[525.1541748046875 963.9312744140625 628.5620727539062 1012.6131591796875],0.68816077709198,AK64DMV,0.3359226741989242
583,93.0,[401.5672854780057 751.6143620510287 762.7776808854096 1075.485962576297],[524.1714477539062 964.8045043945312 628.1138305664062 1015.7916870117188],0.6842301487922668,AK64DMV,0.8775151863971341
585,93.0,[396.6039260531227 760.426913782589 759.9377076617575 1078.5934735979429],[522.6927490234375 976.0562133789062 629.253662109375 1023.7764282226562],0.696955144405365,AK64DMV,0.6062887279896928
586,93.0,[393.87232037114325 763.5779469331394 758.8489848103849 1078.763723318636],[521.6788330078125 978.2846069335938 631.034423828125 1026.4990234375],0.6827772259712219,AK64DMV,0.5131810214195275
586,604.0,[1170.6835767199786 711.5929319026633 1483.154118498886 978.2749066073558],[1274.371337890625 881.482177734375 1367.5892333984375 926.329833984375],0.6187388896942139,EF10DZT,0.2905119480820353
587,93.0,[393.9065712622357 766.7531233708819 758.3495343191112 1077.673114156197],[519.044677734375 983.4781494140625 624.9732055664062 1030.783935546875],0.6850654482841492,AK64DMV,0.18986158498698288
588,93.0,[393.1915622894188 767.725626034239 757.8852043384142 1075.800809464663],[514.972412109375 984.4916381835938 625.8175048828125 1035.3128662109375],0.6877902150154114,AK64DMV,0.4073970360300385
589,93.0,[391.5075111990621 770.4544130528853 756.5893945619532 1074.935474696876],[514.9323120117188 988.2372436523438 624.4692993164062 1037.8441162109375],0.7018021941184998,AK64DMV,0.5726019067928355
590,93.0,[389.48810163159374 772.5412945737971 756.2579193202962 1074.231374487741],[513.5924072265625 991.196044921875 623.7706298828125 1041.587890625],0.7046505808830261,AK64DMV,0.5761959447842008
590,604.0,[1166.9734847222526 716.9411636887208 1485.9485541018125 989.5059711236619],[1273.8524169921875 893.3219604492188 1370.8909912109375 941.6105346679688],0.6855927109718323,EF10DZT,0.14727411866560305
591,93.0,[385.073115743162 775.7563929519688 755.4388246452801 1075.0908927079456],[513.1419067382812 993.5798950195312 625.1664428710938 1046.2001953125],0.695175290107727,AK64DMV,0.5962832612292716
591,604.0,[1168.3516678951673 720.0466221142295 1488.8280269929087 993.4158758927928],[1274.618896484375 895.0960693359375 1371.9898681640625 943.130859375],0.6865805387496948,EF10OZT,0.13764200254600623
592,93.0,[382.95289603110575 777.4731874240006 755.4223672970496 1075.1586708869686],[513.0445556640625 998.6737060546875 623.7255859375 1047.4991455078125],0.7057702541351318,AK64DMV,0.4700518473116713
594,93.0,[382.11125055947264 782.3295296137894 755.3684199802144 1075.9227229399878],[510.6015930175781 1006.7332763671875 616.690673828125 1057.4842529296875],0.7149171233177185,AK64DMV,0.5644540123026416
595,372.0,[1571.6308616311856 574.3861356596476 1858.4845215434827 801.6936350809965],[1679.69091796875 700.3385620117188 1768.234130859375 747.4932861328125],0.3445371389389038,OA62HIJ,0.1382833318417687
596,93.0,[380.13948098075116 785.9462786555116 756.4420873040872 1077.1769778319563],[504.7621154785156 1012.0468139648438 618.1997680664062 1064.767578125],0.7039114236831665,AK64DHV,0.4265228648994136
597,93.0,[377.9136092411691 790.0155263652989 755.5351891314583 1078.351046123],[502.1479797363281 1016.0366821289062 619.5364990234375 1070.032958984375],0.7068380117416382,AK64DMV,0.5130936811161606
598,93.0,[376.38161464433904 792.4024140603428 755.5263822990486 1078.8000486887997],[500.1130676269531 1018.3309936523438 617.8530883789062 1071.82080078125],0.6987267136573792,AK64DMV,0.7239961775905511
599,93.0,[374.5623360687533 794.4687153256814 754.1441228498524 1078.8503662662301],[500.1944580078125 1025.0538330078125 617.199951171875 1078.0181884765625],0.7319517731666565,AK64DMV,0.6082170505620715
601,604.0,[1165.3654624188737 748.0126693552431 1489.8089246948023 1028.250522703569],[1280.4085693359375 921.21533203125 1382.672607421875 973.3934326171875],0.6578028202056885,EF10DZT,0.3096332033429014
603,604.0,[1166.617359282114 752.8972977086044 1491.9864302664962 1036.1071309097608],[1281.3642578125 933.5366821289062 1385.70654296875 982.2149047851562],0.67632657289505,EF10DZT,0.2941387053373611
607,604.0,[1165.8370215864497 761.3688643797356 1499.3775424597052 1046.3163357628955],[1283.1375732421875 944.65283203125 1386.30029296875 993.78662109375],0.6963585019111633,EF10WZT,0.2565879827877036
609,372.0,[1591.6333993075807 588.7110795914543 1894.3329904059012 836.3982729651971],[1707.2867431640625 746.5599975585938 1796.1492919921875 785.9950561523438],0.3900660276412964,OU62HYJ,0.4131945114703707
